[{"model": "admin.logentry", "pk": 1, "fields": {"action_time": "2022-04-15T16:48:06.530Z", "user": 2, "content_type": 6, "object_id": "1", "object_repr": "Shirts", "action_flag": 1, "change_message": "[{\"added\": {}}]"}}, {"model": "admin.logentry", "pk": 2, "fields": {"action_time": "2022-04-15T16:52:34.789Z", "user": 2, "content_type": 6, "object_id": "2", "object_repr": "Shoes", "action_flag": 1, "change_message": "[{\"added\": {}}]"}}, {"model": "admin.logentry", "pk": 3, "fields": {"action_time": "2022-04-15T16:53:27.551Z", "user": 2, "content_type": 6, "object_id": "3", "object_repr": "T-Shirt", "action_flag": 1, "change_message": "[{\"added\": {}}]"}}, {"model": "admin.logentry", "pk": 4, "fields": {"action_time": "2022-04-15T16:53:59.745Z", "user": 2, "content_type": 6, "object_id": "4", "object_repr": "Jeans", "action_flag": 1, "change_message": "[{\"added\": {}}]"}}, {"model": "admin.logentry", "pk": 5, "fields": {"action_time": "2022-04-15T16:54:20.714Z", "user": 2, "content_type": 6, "object_id": "5", "object_repr": "Jacket", "action_flag": 1, "change_message": "[{\"added\": {}}]"}}, {"model": "admin.logentry", "pk": 6, "fields": {"action_time": "2022-04-15T17:07:16.286Z", "user": 2, "content_type": 13, "object_id": "1", "object_repr": "ATX Jeans", "action_flag": 1, "change_message": "[{\"added\": {}}]"}}, {"model": "admin.logentry", "pk": 7, "fields": {"action_time": "2022-04-15T17:08:22.528Z", "user": 2, "content_type": 13, "object_id": "2", "object_repr": "RXN Blue shirt", "action_flag": 1, "change_message": "[{\"added\": {}}]"}}, {"model": "admin.logentry", "pk": 8, "fields": {"action_time": "2022-04-15T17:08:57.563Z", "user": 2, "content_type": 13, "object_id": "3", "object_repr": "Great Tshirt", "action_flag": 1, "change_message": "[{\"added\": {}}]"}}, {"model": "admin.logentry", "pk": 9, "fields": {"action_time": "2022-04-15T17:09:39.300Z", "user": 2, "content_type": 13, "object_id": "4", "object_repr": "Jordan Basketball Shoes", "action_flag": 1, "change_message": "[{\"added\": {}}]"}}, {"model": "admin.logentry", "pk": 10, "fields": {"action_time": "2022-04-15T17:10:21.948Z", "user": 2, "content_type": 13, "object_id": "5", "object_repr": "Mavi Jeans", "action_flag": 1, "change_message": "[{\"added\": {}}]"}}, {"model": "admin.logentry", "pk": 11, "fields": {"action_time": "2022-04-15T17:10:49.088Z", "user": 2, "content_type": 13, "object_id": "6", "object_repr": "Puma shoes", "action_flag": 1, "change_message": "[{\"added\": {}}]"}}, {"model": "admin.logentry", "pk": 12, "fields": {"action_time": "2022-04-15T17:11:28.825Z", "user": 2, "content_type": 13, "object_id": "7", "object_repr": "US Polo Assn Jacket", "action_flag": 1, "change_message": "[{\"added\": {}}]"}}, {"model": "admin.logentry", "pk": 13, "fields": {"action_time": "2022-04-15T17:12:02.841Z", "user": 2, "content_type": 13, "object_id": "8", "object_repr": "Wrangler Shirt", "action_flag": 1, "change_message": "[{\"added\": {}}]"}}, {"model": "admin.logentry", "pk": 14, "fields": {"action_time": "2022-04-16T11:52:53.834Z", "user": 2, "content_type": 13, "object_id": "2", "object_repr": "RXN Blue shirt", "action_flag": 2, "change_message": "[{\"changed\": {\"fields\": [\"Stock\"]}}]"}}, {"model": "admin.logentry", "pk": 15, "fields": {"action_time": "2022-04-16T11:53:10.034Z", "user": 2, "content_type": 13, "object_id": "2", "object_repr": "RXN Blue shirt", "action_flag": 2, "change_message": "[{\"changed\": {\"fields\": [\"Stock\"]}}]"}}, {"model": "admin.logentry", "pk": 16, "fields": {"action_time": "2022-04-18T02:07:59.784Z", "user": 2, "content_type": 17, "object_id": "1", "object_repr": "surba778@gmail.com", "action_flag": 3, "change_message": ""}}, {"model": "admin.logentry", "pk": 17, "fields": {"action_time": "2022-04-18T02:09:44.579Z", "user": 2, "content_type": 17, "object_id": "2", "object_repr": "surba778@gmail.com", "action_flag": 2, "change_message": "[{\"changed\": {\"fields\": [\"Email\", \"Phone number\"]}}]"}}, {"model": "admin.logentry", "pk": 18, "fields": {"action_time": "2022-04-18T02:55:10.820Z", "user": 2, "content_type": 20, "object_id": "1", "object_repr": "Suresh", "action_flag": 3, "change_message": ""}}, {"model": "admin.logentry", "pk": 19, "fields": {"action_time": "2022-04-18T02:55:44.698Z", "user": 2, "content_type": 20, "object_id": "8", "object_repr": "Suu", "action_flag": 3, "change_message": ""}}, {"model": "admin.logentry", "pk": 20, "fields": {"action_time": "2022-04-18T05:23:52.881Z", "user": 2, "content_type": 18, "object_id": "1", "object_repr": "Suresh", "action_flag": 1, "change_message": "[{\"added\": {}}]"}}, {"model": "admin.logentry", "pk": 21, "fields": {"action_time": "2022-04-18T07:02:25.906Z", "user": 2, "content_type": 19, "object_id": "1", "object_repr": "5U40708157346212G", "action_flag": 2, "change_message": "[]"}}, {"model": "auth.permission", "pk": 1, "fields": {"name": "Can add log entry", "content_type": 1, "codename": "add_logentry"}}, {"model": "auth.permission", "pk": 2, "fields": {"name": "Can change log entry", "content_type": 1, "codename": "change_logentry"}}, {"model": "auth.permission", "pk": 3, "fields": {"name": "Can delete log entry", "content_type": 1, "codename": "delete_logentry"}}, {"model": "auth.permission", "pk": 4, "fields": {"name": "Can view log entry", "content_type": 1, "codename": "view_logentry"}}, {"model": "auth.permission", "pk": 5, "fields": {"name": "Can add permission", "content_type": 2, "codename": "add_permission"}}, {"model": "auth.permission", "pk": 6, "fields": {"name": "Can change permission", "content_type": 2, "codename": "change_permission"}}, {"model": "auth.permission", "pk": 7, "fields": {"name": "Can delete permission", "content_type": 2, "codename": "delete_permission"}}, {"model": "auth.permission", "pk": 8, "fields": {"name": "Can view permission", "content_type": 2, "codename": "view_permission"}}, {"model": "auth.permission", "pk": 9, "fields": {"name": "Can add group", "content_type": 3, "codename": "add_group"}}, {"model": "auth.permission", "pk": 10, "fields": {"name": "Can change group", "content_type": 3, "codename": "change_group"}}, {"model": "auth.permission", "pk": 11, "fields": {"name": "Can delete group", "content_type": 3, "codename": "delete_group"}}, {"model": "auth.permission", "pk": 12, "fields": {"name": "Can view group", "content_type": 3, "codename": "view_group"}}, {"model": "auth.permission", "pk": 13, "fields": {"name": "Can add content type", "content_type": 4, "codename": "add_contenttype"}}, {"model": "auth.permission", "pk": 14, "fields": {"name": "Can change content type", "content_type": 4, "codename": "change_contenttype"}}, {"model": "auth.permission", "pk": 15, "fields": {"name": "Can delete content type", "content_type": 4, "codename": "delete_contenttype"}}, {"model": "auth.permission", "pk": 16, "fields": {"name": "Can view content type", "content_type": 4, "codename": "view_contenttype"}}, {"model": "auth.permission", "pk": 17, "fields": {"name": "Can add session", "content_type": 5, "codename": "add_session"}}, {"model": "auth.permission", "pk": 18, "fields": {"name": "Can change session", "content_type": 5, "codename": "change_session"}}, {"model": "auth.permission", "pk": 19, "fields": {"name": "Can delete session", "content_type": 5, "codename": "delete_session"}}, {"model": "auth.permission", "pk": 20, "fields": {"name": "Can view session", "content_type": 5, "codename": "view_session"}}, {"model": "auth.permission", "pk": 21, "fields": {"name": "Can add category", "content_type": 6, "codename": "add_category"}}, {"model": "auth.permission", "pk": 22, "fields": {"name": "Can change category", "content_type": 6, "codename": "change_category"}}, {"model": "auth.permission", "pk": 23, "fields": {"name": "Can delete category", "content_type": 6, "codename": "delete_category"}}, {"model": "auth.permission", "pk": 24, "fields": {"name": "Can view category", "content_type": 6, "codename": "view_category"}}, {"model": "auth.permission", "pk": 25, "fields": {"name": "Can add site", "content_type": 7, "codename": "add_site"}}, {"model": "auth.permission", "pk": 26, "fields": {"name": "Can change site", "content_type": 7, "codename": "change_site"}}, {"model": "auth.permission", "pk": 27, "fields": {"name": "Can delete site", "content_type": 7, "codename": "delete_site"}}, {"model": "auth.permission", "pk": 28, "fields": {"name": "Can view site", "content_type": 7, "codename": "view_site"}}, {"model": "auth.permission", "pk": 29, "fields": {"name": "Can add email address", "content_type": 8, "codename": "add_emailaddress"}}, {"model": "auth.permission", "pk": 30, "fields": {"name": "Can change email address", "content_type": 8, "codename": "change_emailaddress"}}, {"model": "auth.permission", "pk": 31, "fields": {"name": "Can delete email address", "content_type": 8, "codename": "delete_emailaddress"}}, {"model": "auth.permission", "pk": 32, "fields": {"name": "Can view email address", "content_type": 8, "codename": "view_emailaddress"}}, {"model": "auth.permission", "pk": 33, "fields": {"name": "Can add email confirmation", "content_type": 9, "codename": "add_emailconfirmation"}}, {"model": "auth.permission", "pk": 34, "fields": {"name": "Can change email confirmation", "content_type": 9, "codename": "change_emailconfirmation"}}, {"model": "auth.permission", "pk": 35, "fields": {"name": "Can delete email confirmation", "content_type": 9, "codename": "delete_emailconfirmation"}}, {"model": "auth.permission", "pk": 36, "fields": {"name": "Can view email confirmation", "content_type": 9, "codename": "view_emailconfirmation"}}, {"model": "auth.permission", "pk": 37, "fields": {"name": "Can add social account", "content_type": 10, "codename": "add_socialaccount"}}, {"model": "auth.permission", "pk": 38, "fields": {"name": "Can change social account", "content_type": 10, "codename": "change_socialaccount"}}, {"model": "auth.permission", "pk": 39, "fields": {"name": "Can delete social account", "content_type": 10, "codename": "delete_socialaccount"}}, {"model": "auth.permission", "pk": 40, "fields": {"name": "Can view social account", "content_type": 10, "codename": "view_socialaccount"}}, {"model": "auth.permission", "pk": 41, "fields": {"name": "Can add social application", "content_type": 11, "codename": "add_socialapp"}}, {"model": "auth.permission", "pk": 42, "fields": {"name": "Can change social application", "content_type": 11, "codename": "change_socialapp"}}, {"model": "auth.permission", "pk": 43, "fields": {"name": "Can delete social application", "content_type": 11, "codename": "delete_socialapp"}}, {"model": "auth.permission", "pk": 44, "fields": {"name": "Can view social application", "content_type": 11, "codename": "view_socialapp"}}, {"model": "auth.permission", "pk": 45, "fields": {"name": "Can add social application token", "content_type": 12, "codename": "add_socialtoken"}}, {"model": "auth.permission", "pk": 46, "fields": {"name": "Can change social application token", "content_type": 12, "codename": "change_socialtoken"}}, {"model": "auth.permission", "pk": 47, "fields": {"name": "Can delete social application token", "content_type": 12, "codename": "delete_socialtoken"}}, {"model": "auth.permission", "pk": 48, "fields": {"name": "Can view social application token", "content_type": 12, "codename": "view_socialtoken"}}, {"model": "auth.permission", "pk": 49, "fields": {"name": "Can add product", "content_type": 13, "codename": "add_product"}}, {"model": "auth.permission", "pk": 50, "fields": {"name": "Can change product", "content_type": 13, "codename": "change_product"}}, {"model": "auth.permission", "pk": 51, "fields": {"name": "Can delete product", "content_type": 13, "codename": "delete_product"}}, {"model": "auth.permission", "pk": 52, "fields": {"name": "Can view product", "content_type": 13, "codename": "view_product"}}, {"model": "auth.permission", "pk": 53, "fields": {"name": "Can add variation", "content_type": 14, "codename": "add_variation"}}, {"model": "auth.permission", "pk": 54, "fields": {"name": "Can change variation", "content_type": 14, "codename": "change_variation"}}, {"model": "auth.permission", "pk": 55, "fields": {"name": "Can delete variation", "content_type": 14, "codename": "delete_variation"}}, {"model": "auth.permission", "pk": 56, "fields": {"name": "Can view variation", "content_type": 14, "codename": "view_variation"}}, {"model": "auth.permission", "pk": 57, "fields": {"name": "Can add cart", "content_type": 15, "codename": "add_cart"}}, {"model": "auth.permission", "pk": 58, "fields": {"name": "Can change cart", "content_type": 15, "codename": "change_cart"}}, {"model": "auth.permission", "pk": 59, "fields": {"name": "Can delete cart", "content_type": 15, "codename": "delete_cart"}}, {"model": "auth.permission", "pk": 60, "fields": {"name": "Can view cart", "content_type": 15, "codename": "view_cart"}}, {"model": "auth.permission", "pk": 61, "fields": {"name": "Can add cart item", "content_type": 16, "codename": "add_cartitem"}}, {"model": "auth.permission", "pk": 62, "fields": {"name": "Can change cart item", "content_type": 16, "codename": "change_cartitem"}}, {"model": "auth.permission", "pk": 63, "fields": {"name": "Can delete cart item", "content_type": 16, "codename": "delete_cartitem"}}, {"model": "auth.permission", "pk": 64, "fields": {"name": "Can view cart item", "content_type": 16, "codename": "view_cartitem"}}, {"model": "auth.permission", "pk": 65, "fields": {"name": "Can add account", "content_type": 17, "codename": "add_account"}}, {"model": "auth.permission", "pk": 66, "fields": {"name": "Can change account", "content_type": 17, "codename": "change_account"}}, {"model": "auth.permission", "pk": 67, "fields": {"name": "Can delete account", "content_type": 17, "codename": "delete_account"}}, {"model": "auth.permission", "pk": 68, "fields": {"name": "Can view account", "content_type": 17, "codename": "view_account"}}, {"model": "auth.permission", "pk": 69, "fields": {"name": "Can add user profile", "content_type": 18, "codename": "add_userprofile"}}, {"model": "auth.permission", "pk": 70, "fields": {"name": "Can change user profile", "content_type": 18, "codename": "change_userprofile"}}, {"model": "auth.permission", "pk": 71, "fields": {"name": "Can delete user profile", "content_type": 18, "codename": "delete_userprofile"}}, {"model": "auth.permission", "pk": 72, "fields": {"name": "Can view user profile", "content_type": 18, "codename": "view_userprofile"}}, {"model": "auth.permission", "pk": 73, "fields": {"name": "Can add payment", "content_type": 19, "codename": "add_payment"}}, {"model": "auth.permission", "pk": 74, "fields": {"name": "Can change payment", "content_type": 19, "codename": "change_payment"}}, {"model": "auth.permission", "pk": 75, "fields": {"name": "Can delete payment", "content_type": 19, "codename": "delete_payment"}}, {"model": "auth.permission", "pk": 76, "fields": {"name": "Can view payment", "content_type": 19, "codename": "view_payment"}}, {"model": "auth.permission", "pk": 77, "fields": {"name": "Can add order", "content_type": 20, "codename": "add_order"}}, {"model": "auth.permission", "pk": 78, "fields": {"name": "Can change order", "content_type": 20, "codename": "change_order"}}, {"model": "auth.permission", "pk": 79, "fields": {"name": "Can delete order", "content_type": 20, "codename": "delete_order"}}, {"model": "auth.permission", "pk": 80, "fields": {"name": "Can view order", "content_type": 20, "codename": "view_order"}}, {"model": "auth.permission", "pk": 81, "fields": {"name": "Can add order product", "content_type": 21, "codename": "add_orderproduct"}}, {"model": "auth.permission", "pk": 82, "fields": {"name": "Can change order product", "content_type": 21, "codename": "change_orderproduct"}}, {"model": "auth.permission", "pk": 83, "fields": {"name": "Can delete order product", "content_type": 21, "codename": "delete_orderproduct"}}, {"model": "auth.permission", "pk": 84, "fields": {"name": "Can view order product", "content_type": 21, "codename": "view_orderproduct"}}, {"model": "auth.permission", "pk": 85, "fields": {"name": "Can add review rating", "content_type": 22, "codename": "add_reviewrating"}}, {"model": "auth.permission", "pk": 86, "fields": {"name": "Can change review rating", "content_type": 22, "codename": "change_reviewrating"}}, {"model": "auth.permission", "pk": 87, "fields": {"name": "Can delete review rating", "content_type": 22, "codename": "delete_reviewrating"}}, {"model": "auth.permission", "pk": 88, "fields": {"name": "Can view review rating", "content_type": 22, "codename": "view_reviewrating"}}, {"model": "auth.permission", "pk": 89, "fields": {"name": "Can add productgallery", "content_type": 23, "codename": "add_productgallery"}}, {"model": "auth.permission", "pk": 90, "fields": {"name": "Can change productgallery", "content_type": 23, "codename": "change_productgallery"}}, {"model": "auth.permission", "pk": 91, "fields": {"name": "Can delete productgallery", "content_type": 23, "codename": "delete_productgallery"}}, {"model": "auth.permission", "pk": 92, "fields": {"name": "Can view productgallery", "content_type": 23, "codename": "view_productgallery"}}, {"model": "contenttypes.contenttype", "pk": 1, "fields": {"app_label": "admin", "model": "logentry"}}, {"model": "contenttypes.contenttype", "pk": 2, "fields": {"app_label": "auth", "model": "permission"}}, {"model": "contenttypes.contenttype", "pk": 3, "fields": {"app_label": "auth", "model": "group"}}, {"model": "contenttypes.contenttype", "pk": 4, "fields": {"app_label": "contenttypes", "model": "contenttype"}}, {"model": "contenttypes.contenttype", "pk": 5, "fields": {"app_label": "sessions", "model": "session"}}, {"model": "contenttypes.contenttype", "pk": 6, "fields": {"app_label": "category", "model": "category"}}, {"model": "contenttypes.contenttype", "pk": 7, "fields": {"app_label": "sites", "model": "site"}}, {"model": "contenttypes.contenttype", "pk": 8, "fields": {"app_label": "account", "model": "emailaddress"}}, {"model": "contenttypes.contenttype", "pk": 9, "fields": {"app_label": "account", "model": "emailconfirmation"}}, {"model": "contenttypes.contenttype", "pk": 10, "fields": {"app_label": "socialaccount", "model": "socialaccount"}}, {"model": "contenttypes.contenttype", "pk": 11, "fields": {"app_label": "socialaccount", "model": "socialapp"}}, {"model": "contenttypes.contenttype", "pk": 12, "fields": {"app_label": "socialaccount", "model": "socialtoken"}}, {"model": "contenttypes.contenttype", "pk": 13, "fields": {"app_label": "store", "model": "product"}}, {"model": "contenttypes.contenttype", "pk": 14, "fields": {"app_label": "store", "model": "variation"}}, {"model": "contenttypes.contenttype", "pk": 15, "fields": {"app_label": "carts", "model": "cart"}}, {"model": "contenttypes.contenttype", "pk": 16, "fields": {"app_label": "carts", "model": "cartitem"}}, {"model": "contenttypes.contenttype", "pk": 17, "fields": {"app_label": "accounts", "model": "account"}}, {"model": "contenttypes.contenttype", "pk": 18, "fields": {"app_label": "accounts", "model": "userprofile"}}, {"model": "contenttypes.contenttype", "pk": 19, "fields": {"app_label": "orders", "model": "payment"}}, {"model": "contenttypes.contenttype", "pk": 20, "fields": {"app_label": "orders", "model": "order"}}, {"model": "contenttypes.contenttype", "pk": 21, "fields": {"app_label": "orders", "model": "orderproduct"}}, {"model": "contenttypes.contenttype", "pk": 22, "fields": {"app_label": "store", "model": "reviewrating"}}, {"model": "contenttypes.contenttype", "pk": 23, "fields": {"app_label": "store", "model": "productgallery"}}, {"model": "sessions.session", "pk": "01hglujkz5uygl83ve0zft5u3ahptdy7", "fields": {"session_data": "e30:1neJSl:h580vh4gQxxiv-pMXEWjpYHMHi680hQswE1709AY19w", "expire_date": "2022-04-26T16:33:55.323Z"}}, {"model": "sessions.session", "pk": "1bqnsh9en9jffys19tmkeq92me1yza43", "fields": {"session_data": "e30:1ngeLC:0IQnOjfVSBYvXBsVUWd724vwTFyTbsIF5vGaYpkkPqE", "expire_date": "2022-05-03T03:15:46.981Z"}}, {"model": "sessions.session", "pk": "1kgbfi3ockxhung4g7j89guycxbsmayh", "fields": {"session_data": "e30:1neK3y:mxvgdw8_ISrJHXINeY9Xsg9DJPgSoL_3U6o_NAzuEPY", "expire_date": "2022-04-26T17:12:22.432Z"}}, {"model": "sessions.session", "pk": "1ufghzpyukbql9nufr96ip7vafymk1dw", "fields": {"session_data": "e30:1ngkm3:-kPsGvYYxZaEZojVgZrs5x4EkyM0meNhdnml2UDMhTs", "expire_date": "2022-05-03T10:07:55.736Z"}}, {"model": "sessions.session", "pk": "2beug64o5tl5dfya70ifxrl1u48gb376", "fields": {"session_data": "e30:1neJ8p:VabvVtFsbKKBfyiZcY2vnvi-XCUUGFL4CyUADvXdpnw", "expire_date": "2022-04-26T16:13:19.648Z"}}, {"model": "sessions.session", "pk": "2mdzqybr4b4m9u7jfigviih8yor5n9rc", "fields": {"session_data": "e30:1neyzk:AhYdyCaKzMVfBX7YidYUaA7_HDjK4ODKdUD1AsmMz7c", "expire_date": "2022-04-28T12:54:44.320Z"}}, {"model": "sessions.session", "pk": "2ta8zbhx0320sna55les64u01f4tg0xb", "fields": {"session_data": "e30:1nfFQh:zEFMMTfgS5zIapLwJzDPhzsSD3tT_W6jEM1cc5EusNE", "expire_date": "2022-04-29T06:27:39.476Z"}}, {"model": "sessions.session", "pk": "31f1vmxn3y0ahny5hj3wusk2sdwep9kf", "fields": {"session_data": "e30:1neJ44:cG6k3DcTNiltt4sfo6aZNdSNbuzGNTefDqKdwZta3pE", "expire_date": "2022-04-26T16:08:24.415Z"}}, {"model": "sessions.session", "pk": "80weo90yi6h183fejuhszrjiergzj5ok", "fields": {"session_data": "e30:1neJH2:UhC77hK9SHqJx4S4w5HBFw1dBWlAFNPNR8GaRtv6nhE", "expire_date": "2022-04-26T16:21:48.358Z"}}, {"model": "sessions.session", "pk": "97lug9s6y69nyqu1rpck2ka61kk2rtza", "fields": {"session_data": "e30:1nez0l:CcbxAiLpRz14lJM3skVpKn3Ub2sbB198uYAC85FZhs4", "expire_date": "2022-04-28T12:55:47.627Z"}}, {"model": "sessions.session", "pk": "99s0c0nc0gxw2tcukmv92hoqp8yynnu1", "fields": {"session_data": "e30:1nfFRo:6WbP5JggD9yx0HM4psi_YQ7d1Njq7IvOTFNQ_9yl6Ak", "expire_date": "2022-04-29T06:28:48.155Z"}}, {"model": "sessions.session", "pk": "asthngdgcfbxreohla1mr952vjqyon6t", "fields": {"session_data": "e30:1nfFQk:ugrWe66PKtzPQQe7EX4JmAGWCMxrSR31YZPxshVXTao", "expire_date": "2022-04-29T06:27:42.599Z"}}, {"model": "sessions.session", "pk": "at1eivtm6mgjhkn013wkcwfzusr22v3e", "fields": {"session_data": "e30:1neJYm:kV52QrEsTE6CemAfsyhl8LDbWjlbLoIa7zEuBtmUy4U", "expire_date": "2022-04-26T16:40:08.752Z"}}, {"model": "sessions.session", "pk": "axwjfbmu51djhb6jibc1ezd56pjilfmb", "fields": {"session_data": ".eJxVjDsOwyAQRO9CHSG8_EzK9D4DYr0QnEQgGbuKcvdgyUVSzrw382Y-7Fv2e4urX4hdGbDLb4dhfsZyAHqEcq98rmVbF-SHwk_a-FQpvm6n-3eQQ8t9HQw4YZMTDrW1GuUgLZqIJtCYJBKoHgSgHEmZAchER5iUBKc7U8Q-X9YIN6o:1ngspm:c8jPgYIw8S1QItsYCpAEp0IyoBV8VUinrahsft_Btqo", "expire_date": "2022-05-03T18:44:18.230Z"}}, {"model": "sessions.session", "pk": "bu3x8jmpw3h4m0schk4t8eatowuy70ea", "fields": {"session_data": "e30:1neJRy:11InqYH3q0WaDkAqavAU4sGTwoY5ddWK0cbbiFcnrqQ", "expire_date": "2022-04-26T16:33:06.826Z"}}, {"model": "sessions.session", "pk": "ccrxq2z2xodg8xac406gcpnb5ro73p2x", "fields": {"session_data": "e30:1neJFo:pBtmYYxYdUWfdetS0d2sMGCbq06rPc55Qdy7hrCXNnY", "expire_date": "2022-04-26T16:20:32.706Z"}}, {"model": "sessions.session", "pk": "et1drmq5skgtcpcd8ziv3gz9c85r397t", "fields": {"session_data": "e30:1neJ27:rmd6O1FOZDmG-oKdG0ZelNK18PnxKjkk_SQiLkzgQgI", "expire_date": "2022-04-26T16:06:23.172Z"}}, {"model": "sessions.session", "pk": "ezsm3goinxxfs3zbcn11yqikyfavxpbn", "fields": {"session_data": ".eJxVjDsOwyAQRO9CHSG8_EzK9D4DYr0QnEQgGbuKcvdgyUVSzrw382Y-7Fv2e4urX4hdGbDLb4dhfsZyAHqEcq98rmVbF-SHwk_a-FQpvm6n-3eQQ8t9HQw4YZMTDrW1GuUgLZqIJtCYJBKoHgSgHEmZAchER5iUBKc7U8Q-X9YIN6o:1ngt9f:U_sEfMHnogdSHHTzeQ8r6GdKPkR8620vACT7NolR9x0", "expire_date": "2022-05-03T19:04:51.534Z"}}, {"model": "sessions.session", "pk": "gmmnoi1axeqgc8ptgyxt3xrrvrl7yl7v", "fields": {"session_data": "e30:1neJAC:nJLyNB84j742miYMTgucYzJssxyBTcBttcZilVrpgEk", "expire_date": "2022-04-26T16:14:44.209Z"}}, {"model": "sessions.session", "pk": "i8p7ee5c3583v81ydxhyms8madko5fpk", "fields": {"session_data": "e30:1nfFN1:S4BPCiNWY9dHLZnY_P4rn9otbO9_oEuw4xjJAf8kmNc", "expire_date": "2022-04-29T06:23:51.180Z"}}, {"model": "sessions.session", "pk": "k9dgggpddke4t8djqyvlixff92j8zs4o", "fields": {"session_data": "e30:1ngg1r:2ATbYp4sydl4Pv8J5A9aVBE1_RPH_wz-3ZvLcOCpMmI", "expire_date": "2022-05-03T05:03:55.942Z"}}, {"model": "sessions.session", "pk": "kcqkrgc7eyc8h99xurkdxpdula30c9iu", "fields": {"session_data": "e30:1nfHhy:BTg1RZFu00e63n-wJd1YsBCZUzIBbHYYYVxKRwMXScM", "expire_date": "2022-04-29T08:53:38.529Z"}}, {"model": "sessions.session", "pk": "kivcuv2agtefbsav46e7hsjo9zb2zmah", "fields": {"session_data": "e30:1neJSM:iWowASphPXWBzIhWVNS2AVpU4jbrsTZtgue6pdneCWw", "expire_date": "2022-04-26T16:33:30.269Z"}}, {"model": "sessions.session", "pk": "me05d5x4edu5wbklazxymgm6bemd8ptp", "fields": {"session_data": "e30:1nfFQu:zU1L4jWXbjlxkfDS12MMNDSxSFLoTq419a-CAdli9mc", "expire_date": "2022-04-29T06:27:52.161Z"}}, {"model": "sessions.session", "pk": "of32sdby690f4reh6kpdss5rka1t30c8", "fields": {"session_data": "e30:1neJ9C:TjSXJ9X66K7aaOfihnaCzerUY3U6cV796bsKolmhur0", "expire_date": "2022-04-26T16:13:42.698Z"}}, {"model": "sessions.session", "pk": "qajgbw69k5vhm67tkrtq1lme32x8m14p", "fields": {"session_data": "e30:1neJFh:vqMffoBF4Ux-TzV4gdygOoRC4hw_okq7T63LV_YCuu4", "expire_date": "2022-04-26T16:20:25.480Z"}}, {"model": "sessions.session", "pk": "qnjl1v1s3l83npuabf8zd0a6352l2ptt", "fields": {"session_data": ".eJxVjMsOwiAURP-FtWl4P9zpj5ALXAKxoYnAyvjvtqYLXc6ZmfMiHuYofnZ8-prIlTBy-WUB4gPbUcC6HniBGLfZxvLdnHVfbnvCNmqEUbd2P19_qgK97B6umEJhJYJyIhhKlXYyZ-tiCtEoIRPYzLjhXAvDnQ5oUsqSioCcaQ3k_QGeHzvC:1neflY:pP2vojWqrHVN64EKREIXKzhWiSu11ktlQEP9CWX7ews", "expire_date": "2022-04-27T16:22:48.258Z"}}, {"model": "sessions.session", "pk": "rfm155thvctheg8ph17b6vjbo53ndzem", "fields": {"session_data": "e30:1nfFMC:e02x7e7Bl5GlMORTuXdrCewdPtRZ7hlSS6mqVIY9MfU", "expire_date": "2022-04-29T06:23:00.694Z"}}, {"model": "sessions.session", "pk": "slss993701j46mql17zxudx5ja55l3e7", "fields": {"session_data": "e30:1ngfcc:Nol5z0TxDdwH_Sn9CA3W14Th4w28YeM3h6O463V_4qw", "expire_date": "2022-05-03T04:37:50.836Z"}}, {"model": "sessions.session", "pk": "trglbf49p8jn1n51ew8q3bay7r0qwabw", "fields": {"session_data": "e30:1neJ8y:WK5YrWh73S8AYZs-6HWY5qWPNp7rFU8_gLySc53LGcI", "expire_date": "2022-04-26T16:13:28.184Z"}}, {"model": "sessions.session", "pk": "uqto3sa48hrjo6dx132lvztcxzupkylq", "fields": {"session_data": "e30:1neK5e:mFVju4-yV_S3mI74vmKhSSAnzg3HqMo-sfopDthXPCU", "expire_date": "2022-04-26T17:14:06.117Z"}}, {"model": "sessions.session", "pk": "y815umndpklwoik1ks3lwmzi1nbik3yh", "fields": {"session_data": "e30:1neJsO:YlPtPpNux7BgOGbuLAKlWyJtE2_H_c-Rjm3iLDokSAc", "expire_date": "2022-04-26T17:00:24.867Z"}}, {"model": "sessions.session", "pk": "yscae6ms4krehy6emo7exvg9pr5qbi6o", "fields": {"session_data": "e30:1nfFRu:5oh8X3uCOA7CDH13eqGCv8xt7hStE26SZYjZcbQuBxc", "expire_date": "2022-04-29T06:28:54.744Z"}}, {"model": "category.category", "pk": 1, "fields": {"category_name": "Shirts", "slug": "shirts", "description": "This is the demo shirt category", "cat_image": "photos/categories/shirts_5ax0bbg.jpg"}}, {"model": "category.category", "pk": 2, "fields": {"category_name": "Shoes", "slug": "shoes", "description": "This is a shoe.", "cat_image": "photos/categories/shoes_xHMEfaq.png"}}, {"model": "category.category", "pk": 3, "fields": {"category_name": "T-Shirt", "slug": "t-shirt", "description": "This is a tshirt.", "cat_image": "photos/categories/tshirts_ZNbdvsk.jpg"}}, {"model": "category.category", "pk": 4, "fields": {"category_name": "Jeans", "slug": "jeans", "description": "This is a jeans.", "cat_image": "photos/categories/jeans_tU769Dw.jpg"}}, {"model": "category.category", "pk": 5, "fields": {"category_name": "Jacket", "slug": "jacket", "description": "This is a jacket.", "cat_image": "photos/categories/jackets_aRxD4vA.jpg"}}, {"model": "sites.site", "pk": 1, "fields": {"domain": "example.com", "name": "example.com"}}, {"model": "store.product", "pk": 1, "fields": {"product_name": "ATX Jeans", "slug": "atx-jeans", "description": "Lorem Ipsum is simply a dummy text of the printing and typesetting industry. Lorem Ipsum has been the industry's standard dummy text ever since the 1500s.", "price": 199, "images": "photos/products/ATX-Jeans_1xjVxdS.jpg", "stock": 99, "is_available": true, "category": 4, "created_date": "2022-04-15T17:07:16.286Z", "modified_date": "2022-04-18T07:02:06.529Z"}}, {"model": "store.product", "pk": 2, "fields": {"product_name": "RXN Blue shirt", "slug": "rxn-blue-shirt", "description": "This is a blue shirt", "price": 150, "images": "photos/products/Blue-Shirt_S8d4oju.jpg", "stock": 99, "is_available": true, "category": 1, "created_date": "2022-04-15T17:08:22.528Z", "modified_date": "2022-04-18T07:02:06.539Z"}}, {"model": "store.product", "pk": 3, "fields": {"product_name": "Great Tshirt", "slug": "great-tshirt", "description": "This is a tshirt", "price": 100, "images": "photos/products/Great-Tshirt_436t4HB.jpg", "stock": 100, "is_available": true, "category": 3, "created_date": "2022-04-15T17:08:57.563Z", "modified_date": "2022-04-15T17:08:57.563Z"}}, {"model": "store.product", "pk": 4, "fields": {"product_name": "Jordan Basketball Shoes", "slug": "jordan-basketball-shoes", "description": "This is a shoes.", "price": 400, "images": "photos/products/jordan-true-flight-basketball-shoes_yrrMEsy.jpg", "stock": 50, "is_available": true, "category": 2, "created_date": "2022-04-15T17:09:39.299Z", "modified_date": "2022-04-15T17:09:39.299Z"}}, {"model": "store.product", "pk": 5, "fields": {"product_name": "Mavi Jeans", "slug": "mavi-jeans", "description": "This is a jeans.", "price": 800, "images": "photos/products/image1_pPb0a0n.jpg", "stock": 50, "is_available": true, "category": 4, "created_date": "2022-04-15T17:10:21.947Z", "modified_date": "2022-04-15T17:10:21.947Z"}}, {"model": "store.product", "pk": 6, "fields": {"product_name": "Puma shoes", "slug": "puma-shoes", "description": "This is a puma shoes", "price": 400, "images": "photos/products/Puma-Ferrari-Shoes.jpg", "stock": 50, "is_available": true, "category": 2, "created_date": "2022-04-15T17:10:49.088Z", "modified_date": "2022-04-15T17:10:49.088Z"}}, {"model": "store.product", "pk": 7, "fields": {"product_name": "US Polo Assn Jacket", "slug": "us-polo-assn-jacket", "description": "This is a polo jacket.", "price": 700, "images": "photos/products/US-Polo-Assn_Jacket_mlmKhc3.jpg", "stock": 40, "is_available": true, "category": 5, "created_date": "2022-04-15T17:11:28.825Z", "modified_date": "2022-04-15T17:11:28.825Z"}}, {"model": "store.product", "pk": 8, "fields": {"product_name": "Wrangler Shirt", "slug": "wrangler-shirt", "description": "This is a shirt", "price": 400, "images": "photos/products/Wrangler-Shirt.jpg", "stock": 30, "is_available": true, "category": 1, "created_date": "2022-04-15T17:12:02.841Z", "modified_date": "2022-04-15T17:12:02.841Z"}}, {"model": "carts.cart", "pk": 1, "fields": {"cart_id": "ip7huvi2d0bx9mmc9ppwg4myp37207fi", "date_added": "2022-04-19"}}, {"model": "carts.cartitem", "pk": 10, "fields": {"user": null, "product": 8, "cart": 1, "quantity": 1, "is_active": true, "variations": []}}, {"model": "accounts.account", "pk": 2, "fields": {"password": "pbkdf2_sha256$260000$IVqMjbzyaIuOGMdNdCFrfA$Ig/dGwhQbCH3HCnMSktTi7ZHc7Ha5J8KzpRr9jEoJ0Q=", "first_name": "Suresh", "last_name": "Balaraman", "username": "surba778", "email": "surba778@gmail.com", "phone_number": "0707302447", "date_joined": "2022-04-15T09:43:24.354Z", "last_login": "2022-04-19T19:04:51.532Z", "is_admin": true, "is_staff": true, "is_active": true, "is_superadmin": true}}, {"model": "accounts.userprofile", "pk": 1, "fields": {"user": 2, "address_line_1": "Högsbacksgatan 55", "address_line_2": "Near forskola", "profile_picture": "userprofile/Suresh.jpg", "city": "Linköping", "state": "Ostergotland", "country": "Sweden"}}, {"model": "orders.payment", "pk": 1, "fields": {"user": 2, "payment_id": "5U40708157346212G", "payment_method": "PayPal", "amount_paid": "355.98", "status": "COMPLETED", "created_at": "2022-04-18T07:02:06.483Z"}}, {"model": "orders.order", "pk": 2, "fields": {"user": 2, "payment": null, "order_number": "202204162", "first_name": "Suresh", "last_name": "Balaraman", "phone": "0046707302447", "email": "surba778@gmail.com", "address_line_1": "Högsbacksgatan 55", "address_line_2": "", "country": "Sweden", "state": "ostergotland", "city": "Linköping", "order_note": "", "order_total": 457.98, "tax": 8.98, "status": "New", "ip": "127.0.0.1", "is_ordered": false, "created_at": "2022-04-16T19:50:29.939Z", "updated_at": "2022-04-16T19:50:29.941Z"}}, {"model": "orders.order", "pk": 3, "fields": {"user": 2, "payment": null, "order_number": "202204163", "first_name": "Suresh", "last_name": "Balaraman", "phone": "0046707302447", "email": "surba778@gmail.com", "address_line_1": "Högsbacksgatan 55", "address_line_2": "", "country": "Sweden", "state": "ostergotland", "city": "Linköping", "order_note": "", "order_total": 457.98, "tax": 8.98, "status": "New", "ip": "127.0.0.1", "is_ordered": false, "created_at": "2022-04-16T19:52:53.778Z", "updated_at": "2022-04-16T19:52:53.779Z"}}, {"model": "orders.order", "pk": 4, "fields": {"user": 2, "payment": null, "order_number": "202204164", "first_name": "Suresh", "last_name": "Bala", "phone": "0046707302447", "email": "surba778@gmail.com", "address_line_1": "Hogsbacksgatan 55", "address_line_2": "", "country": "sweden", "state": "ostergotland", "city": "linkoping", "order_note": "", "order_total": 457.98, "tax": 8.98, "status": "New", "ip": "127.0.0.1", "is_ordered": false, "created_at": "2022-04-16T20:00:01.576Z", "updated_at": "2022-04-16T20:00:01.578Z"}}, {"model": "orders.order", "pk": 5, "fields": {"user": 2, "payment": null, "order_number": "202204175", "first_name": "Suresh", "last_name": "Balaraman", "phone": "0046707302447", "email": "surba778@gmail.com", "address_line_1": "Hogsbacksgatan 55", "address_line_2": "", "country": "sweden", "state": "ostergotland", "city": "linkoping", "order_note": "", "order_total": 202.98, "tax": 3.98, "status": "New", "ip": "127.0.0.1", "is_ordered": false, "created_at": "2022-04-17T08:06:41.177Z", "updated_at": "2022-04-17T08:06:41.179Z"}}, {"model": "orders.order", "pk": 6, "fields": {"user": 2, "payment": null, "order_number": "202204176", "first_name": "Suresh", "last_name": "Balaraman", "phone": "0046707302447", "email": "surba778@gmail.com", "address_line_1": "Hogsbacksgatan 55", "address_line_2": "", "country": "Sweden", "state": "ostergotland", "city": "linkoping", "order_note": "", "order_total": 405.96, "tax": 7.96, "status": "New", "ip": "127.0.0.1", "is_ordered": false, "created_at": "2022-04-17T08:34:17.982Z", "updated_at": "2022-04-17T08:34:17.983Z"}}, {"model": "orders.order", "pk": 7, "fields": {"user": 2, "payment": null, "order_number": "202204177", "first_name": "Suresh", "last_name": "Balaraman", "phone": "0046707302447", "email": "surba778@gmail.com", "address_line_1": "Hogsbacksgatan 55", "address_line_2": "", "country": "Sweden", "state": "ostergotland", "city": "linkoping", "order_note": "", "order_total": 405.96, "tax": 7.96, "status": "New", "ip": "127.0.0.1", "is_ordered": false, "created_at": "2022-04-17T08:51:14.282Z", "updated_at": "2022-04-17T08:51:14.284Z"}}, {"model": "orders.order", "pk": 9, "fields": {"user": 2, "payment": null, "order_number": "202204179", "first_name": "Suu", "last_name": "nn", "phone": "0707302447", "email": "surba778@gmail.com", "address_line_1": "hog 55", "address_line_2": "", "country": "sweden", "state": "ostergotland", "city": "linkoping", "order_note": "", "order_total": 202.98, "tax": 3.98, "status": "New", "ip": "127.0.0.1", "is_ordered": false, "created_at": "2022-04-17T17:19:09.153Z", "updated_at": "2022-04-17T17:19:09.155Z"}}, {"model": "orders.order", "pk": 10, "fields": {"user": 2, "payment": null, "order_number": "2022041810", "first_name": "Suresh", "last_name": "Bala", "phone": "0707302447", "email": "surba778@gmail.com", "address_line_1": "Hogs 55", "address_line_2": "", "country": "Sweden", "state": "Ostergotland", "city": "Linköping", "order_note": "hi", "order_total": 202.98, "tax": 3.98, "status": "New", "ip": "127.0.0.1", "is_ordered": false, "created_at": "2022-04-18T02:25:41.465Z", "updated_at": "2022-04-18T02:25:41.492Z"}}, {"model": "orders.order", "pk": 11, "fields": {"user": 2, "payment": null, "order_number": "2022041811", "first_name": "Suresh", "last_name": "Bala", "phone": "0707302447", "email": "surba778@gmail.com", "address_line_1": "Hog 55", "address_line_2": "", "country": "Sweden", "state": "Ostergotland", "city": "Linköping", "order_note": "Hi", "order_total": 202.98, "tax": 3.98, "status": "New", "ip": "127.0.0.1", "is_ordered": false, "created_at": "2022-04-18T03:52:28.619Z", "updated_at": "2022-04-18T03:52:28.621Z"}}, {"model": "orders.order", "pk": 12, "fields": {"user": 2, "payment": null, "order_number": "2022041812", "first_name": "Suresh", "last_name": "Bala", "phone": "0707302447", "email": "surba778@gmail.com", "address_line_1": "Hog 55", "address_line_2": "", "country": "Sweden", "state": "Ostergotland", "city": "Linköping", "order_note": "Hi", "order_total": 202.98, "tax": 3.98, "status": "New", "ip": "127.0.0.1", "is_ordered": false, "created_at": "2022-04-18T03:55:13.457Z", "updated_at": "2022-04-18T03:55:13.459Z"}}, {"model": "orders.order", "pk": 13, "fields": {"user": 2, "payment": null, "order_number": "2022041813", "first_name": "Suresh", "last_name": "Bala", "phone": "0707302447", "email": "surba778@gmail.com", "address_line_1": "Hog 55", "address_line_2": "", "country": "Sweden", "state": "Ostergotland", "city": "Linköping", "order_note": "Hi", "order_total": 202.98, "tax": 3.98, "status": "New", "ip": "127.0.0.1", "is_ordered": false, "created_at": "2022-04-18T03:59:28.636Z", "updated_at": "2022-04-18T03:59:28.637Z"}}, {"model": "orders.order", "pk": 14, "fields": {"user": 2, "payment": null, "order_number": "2022041814", "first_name": "Suresh", "last_name": "Bala", "phone": "0707302447", "email": "surba778@gmail.com", "address_line_1": "Hog 55", "address_line_2": "", "country": "Sweden", "state": "Ostergotland", "city": "Linköping", "order_note": "Hi", "order_total": 202.98, "tax": 3.98, "status": "New", "ip": "127.0.0.1", "is_ordered": false, "created_at": "2022-04-18T04:05:15.270Z", "updated_at": "2022-04-18T04:05:15.272Z"}}, {"model": "orders.order", "pk": 15, "fields": {"user": 2, "payment": null, "order_number": "2022041815", "first_name": "Suresh", "last_name": "Bala", "phone": "0707302447", "email": "surba778@gmail.com", "address_line_1": "Hog 55", "address_line_2": "", "country": "Sweden", "state": "Ostergotland", "city": "Linköping", "order_note": "Hi", "order_total": 202.98, "tax": 3.98, "status": "New", "ip": "127.0.0.1", "is_ordered": false, "created_at": "2022-04-18T04:05:24.245Z", "updated_at": "2022-04-18T04:05:24.246Z"}}, {"model": "orders.order", "pk": 16, "fields": {"user": 2, "payment": null, "order_number": "2022041816", "first_name": "Suresh", "last_name": "Bala", "phone": "0707302447", "email": "surba778@gmail.com", "address_line_1": "Hog 55", "address_line_2": "", "country": "Sweden", "state": "Ostergotland", "city": "Linköping", "order_note": "Hi", "order_total": 202.98, "tax": 3.98, "status": "New", "ip": "127.0.0.1", "is_ordered": false, "created_at": "2022-04-18T04:06:12.976Z", "updated_at": "2022-04-18T04:06:12.980Z"}}, {"model": "orders.order", "pk": 17, "fields": {"user": 2, "payment": null, "order_number": "2022041817", "first_name": "Suresh", "last_name": "Bala", "phone": "0707302447", "email": "surba778@gmail.com", "address_line_1": "Hogs 55", "address_line_2": "", "country": "Sweden", "state": "Ostergotland", "city": "Linköping", "order_note": "", "order_total": 202.98, "tax": 3.98, "status": "New", "ip": "127.0.0.1", "is_ordered": false, "created_at": "2022-04-18T04:16:32.815Z", "updated_at": "2022-04-18T04:16:32.851Z"}}, {"model": "orders.order", "pk": 18, "fields": {"user": 2, "payment": null, "order_number": "2022041818", "first_name": "Suresh", "last_name": "Bala", "phone": "0707302447", "email": "surba778@gmail.com", "address_line_1": "Hogs 55", "address_line_2": "", "country": "Sweden", "state": "Ostergotland", "city": "Linköping", "order_note": "", "order_total": 202.98, "tax": 3.98, "status": "New", "ip": "127.0.0.1", "is_ordered": false, "created_at": "2022-04-18T04:17:11.760Z", "updated_at": "2022-04-18T04:17:11.762Z"}}, {"model": "orders.order", "pk": 19, "fields": {"user": 2, "payment": null, "order_number": "2022041819", "first_name": "Suresh", "last_name": "Bala", "phone": "0707302447", "email": "surba778@gmail.com", "address_line_1": "Hogs 55", "address_line_2": "", "country": "Sweden", "state": "Ostergotland", "city": "Linköping", "order_note": "", "order_total": 202.98, "tax": 3.98, "status": "New", "ip": "127.0.0.1", "is_ordered": false, "created_at": "2022-04-18T04:17:19.697Z", "updated_at": "2022-04-18T04:17:19.700Z"}}, {"model": "orders.order", "pk": 20, "fields": {"user": 2, "payment": null, "order_number": "2022041820", "first_name": "Suresh", "last_name": "Bala", "phone": "0707302447", "email": "surba778@gmail.com", "address_line_1": "Hogs 55", "address_line_2": "", "country": "Sweden", "state": "Ostergotland", "city": "Linköping", "order_note": "", "order_total": 202.98, "tax": 3.98, "status": "New", "ip": "127.0.0.1", "is_ordered": false, "created_at": "2022-04-18T04:19:36.770Z", "updated_at": "2022-04-18T04:19:36.772Z"}}, {"model": "orders.order", "pk": 21, "fields": {"user": 2, "payment": null, "order_number": "2022041821", "first_name": "S", "last_name": "b", "phone": "0707302447", "email": "surba778@gmail.com", "address_line_1": "hog 55", "address_line_2": "", "country": "Sweden", "state": "ostergotland", "city": "Linköping", "order_note": "", "order_total": 202.98, "tax": 3.98, "status": "New", "ip": "127.0.0.1", "is_ordered": false, "created_at": "2022-04-18T04:25:34.145Z", "updated_at": "2022-04-18T04:25:34.147Z"}}, {"model": "orders.order", "pk": 22, "fields": {"user": 2, "payment": null, "order_number": "2022041822", "first_name": "S", "last_name": "b", "phone": "0707302447", "email": "surba778@gmail.com", "address_line_1": "hog 55", "address_line_2": "", "country": "Sweden", "state": "ostergotland", "city": "Linköping", "order_note": "", "order_total": 202.98, "tax": 3.98, "status": "New", "ip": "127.0.0.1", "is_ordered": false, "created_at": "2022-04-18T04:26:14.037Z", "updated_at": "2022-04-18T04:26:14.039Z"}}, {"model": "orders.order", "pk": 23, "fields": {"user": 2, "payment": null, "order_number": "2022041823", "first_name": "S", "last_name": "b", "phone": "0707302447", "email": "surba778@gmail.com", "address_line_1": "hog 55", "address_line_2": "", "country": "Sweden", "state": "ostergotland", "city": "Linköping", "order_note": "", "order_total": 202.98, "tax": 3.98, "status": "New", "ip": "127.0.0.1", "is_ordered": false, "created_at": "2022-04-18T04:29:01.530Z", "updated_at": "2022-04-18T04:29:01.532Z"}}, {"model": "orders.order", "pk": 24, "fields": {"user": 2, "payment": null, "order_number": "2022041824", "first_name": "S", "last_name": "b", "phone": "0707302447", "email": "surba778@gmail.com", "address_line_1": "hog 55", "address_line_2": "", "country": "Sweden", "state": "ostergotland", "city": "Linköping", "order_note": "", "order_total": 202.98, "tax": 3.98, "status": "New", "ip": "127.0.0.1", "is_ordered": false, "created_at": "2022-04-18T04:29:19.955Z", "updated_at": "2022-04-18T04:29:19.958Z"}}, {"model": "orders.order", "pk": 25, "fields": {"user": 2, "payment": null, "order_number": "2022041825", "first_name": "S", "last_name": "b", "phone": "0707302447", "email": "surba778@gmail.com", "address_line_1": "hog 55", "address_line_2": "", "country": "Sweden", "state": "ostergotland", "city": "Linköping", "order_note": "", "order_total": 202.98, "tax": 3.98, "status": "New", "ip": "127.0.0.1", "is_ordered": false, "created_at": "2022-04-18T04:29:38.428Z", "updated_at": "2022-04-18T04:29:38.465Z"}}, {"model": "orders.order", "pk": 26, "fields": {"user": 2, "payment": null, "order_number": "2022041826", "first_name": "S", "last_name": "b", "phone": "0707302447", "email": "surba778@gmail.com", "address_line_1": "hog 55", "address_line_2": "", "country": "Sweden", "state": "ostergotland", "city": "Linköping", "order_note": "", "order_total": 202.98, "tax": 3.98, "status": "New", "ip": "127.0.0.1", "is_ordered": false, "created_at": "2022-04-18T04:31:07.032Z", "updated_at": "2022-04-18T04:31:07.063Z"}}, {"model": "orders.order", "pk": 27, "fields": {"user": 2, "payment": null, "order_number": "2022041827", "first_name": "S", "last_name": "b", "phone": "0707302447", "email": "surba778@gmail.com", "address_line_1": "hog 55", "address_line_2": "", "country": "Sweden", "state": "ostergotland", "city": "Linköping", "order_note": "", "order_total": 202.98, "tax": 3.98, "status": "New", "ip": "127.0.0.1", "is_ordered": false, "created_at": "2022-04-18T04:37:12.517Z", "updated_at": "2022-04-18T04:37:12.532Z"}}, {"model": "orders.order", "pk": 28, "fields": {"user": 2, "payment": null, "order_number": "2022041828", "first_name": "S", "last_name": "b", "phone": "0707302447", "email": "surba778@gmail.com", "address_line_1": "hog 55", "address_line_2": "", "country": "Sweden", "state": "ostergotland", "city": "Linköping", "order_note": "", "order_total": 202.98, "tax": 3.98, "status": "New", "ip": "127.0.0.1", "is_ordered": false, "created_at": "2022-04-18T04:46:16.810Z", "updated_at": "2022-04-18T04:46:17.013Z"}}, {"model": "orders.order", "pk": 29, "fields": {"user": 2, "payment": null, "order_number": "2022041829", "first_name": "S", "last_name": "b", "phone": "0707302447", "email": "surba778@gmail.com", "address_line_1": "hog 55", "address_line_2": "", "country": "Sweden", "state": "ostergotland", "city": "Linköping", "order_note": "", "order_total": 202.98, "tax": 3.98, "status": "New", "ip": "127.0.0.1", "is_ordered": false, "created_at": "2022-04-18T04:54:41.044Z", "updated_at": "2022-04-18T04:54:41.046Z"}}, {"model": "orders.order", "pk": 30, "fields": {"user": 2, "payment": null, "order_number": "2022041830", "first_name": "Suresh", "last_name": "Bala", "phone": "0707302447", "email": "surba778@gmail.com", "address_line_1": "Hogs 55", "address_line_2": "", "country": "Sweden", "state": "Ostergotland", "city": "Linköping", "order_note": "Hi", "order_total": 355.98, "tax": 6.98, "status": "New", "ip": "127.0.0.1", "is_ordered": false, "created_at": "2022-04-18T06:08:34.886Z", "updated_at": "2022-04-18T06:08:34.892Z"}}, {"model": "orders.order", "pk": 31, "fields": {"user": 2, "payment": null, "order_number": "2022041831", "first_name": "Suresh", "last_name": "Bala", "phone": "0707302447", "email": "surba778@gmail.com", "address_line_1": "Hogs 55", "address_line_2": "", "country": "Sweden", "state": "Ostergotland", "city": "Linköping", "order_note": "Hi", "order_total": 355.98, "tax": 6.98, "status": "New", "ip": "127.0.0.1", "is_ordered": false, "created_at": "2022-04-18T06:15:12.442Z", "updated_at": "2022-04-18T06:15:12.443Z"}}, {"model": "orders.order", "pk": 32, "fields": {"user": 2, "payment": null, "order_number": "2022041832", "first_name": "Suresh", "last_name": "Bala", "phone": "0707302447", "email": "surba778@gmail.com", "address_line_1": "Hogs 55", "address_line_2": "", "country": "Sweden", "state": "Ostergotland", "city": "Linköping", "order_note": "Hi", "order_total": 355.98, "tax": 6.98, "status": "New", "ip": "127.0.0.1", "is_ordered": false, "created_at": "2022-04-18T06:21:54.129Z", "updated_at": "2022-04-18T06:21:54.131Z"}}, {"model": "orders.order", "pk": 33, "fields": {"user": 2, "payment": null, "order_number": "2022041833", "first_name": "Suresh", "last_name": "Bala", "phone": "0707302447", "email": "surba778@gmail.com", "address_line_1": "Hogs 55", "address_line_2": "", "country": "Sweden", "state": "Ostergotland", "city": "Linköping", "order_note": "Hi", "order_total": 355.98, "tax": 6.98, "status": "New", "ip": "127.0.0.1", "is_ordered": false, "created_at": "2022-04-18T06:23:04.181Z", "updated_at": "2022-04-18T06:23:04.183Z"}}, {"model": "orders.order", "pk": 34, "fields": {"user": 2, "payment": null, "order_number": "2022041834", "first_name": "Suresh", "last_name": "Bala", "phone": "0707302447", "email": "surba778@gmail.com", "address_line_1": "Hogs 55", "address_line_2": "", "country": "Sweden", "state": "Ostergotland", "city": "Linköping", "order_note": "Hi", "order_total": 355.98, "tax": 6.98, "status": "New", "ip": "127.0.0.1", "is_ordered": false, "created_at": "2022-04-18T06:59:50.826Z", "updated_at": "2022-04-18T06:59:50.828Z"}}, {"model": "orders.order", "pk": 35, "fields": {"user": 2, "payment": 1, "order_number": "2022041835", "first_name": "Suresh", "last_name": "Bala", "phone": "0707302447", "email": "surba778@gmail.com", "address_line_1": "Hogs 55", "address_line_2": "", "country": "Sweden", "state": "Ostergotland", "city": "Linköping", "order_note": "Hi", "order_total": 355.98, "tax": 6.98, "status": "New", "ip": "127.0.0.1", "is_ordered": true, "created_at": "2022-04-18T07:01:38.743Z", "updated_at": "2022-04-18T07:02:06.511Z"}}, {"model": "orders.orderproduct", "pk": 1, "fields": {"order": 35, "payment": 1, "user": 2, "product": 1, "quantity": 1, "product_price": 199.0, "ordered": true, "created_at": "2022-04-18T07:02:06.517Z", "updated_at": "2022-04-18T07:02:06.527Z", "variations": []}}, {"model": "orders.orderproduct", "pk": 2, "fields": {"order": 35, "payment": 1, "user": 2, "product": 2, "quantity": 1, "product_price": 150.0, "ordered": true, "created_at": "2022-04-18T07:02:06.532Z", "updated_at": "2022-04-18T07:02:06.536Z", "variations": []}}]